{
    "buildings": [
        {
            "name": "LShape",
            "shape": "l",
            "coords": [
                [
                    -55.05533398318459,
                    11.667261889578032
                ],
                [
                    -39.40926006632459,
                    27.313335806438033
                ],
                [
                    4.418830129700869,
                    -16.514754389587424
                ],
                [
                    36.62267209573454,
                    15.689087576446246
                ],
                [
                    49.55271547867645,
                    2.759044193504348
                ],
                [
                    1.7027995957827713,
                    -45.090871689389324
                ]
            ],
            "roofCoords": [
                [
                    [
                        -55.05533398318459,
                        11.667261889578032
                    ],
                    [
                        -39.40926006632459,
                        27.313335806438033
                    ],
                    [
                        -11.227243787159125,
                        -32.16082830644743
                    ]
                ],
                [
                    [
                        -11.227243787159125,
                        -32.16082830644743
                    ],
                    [
                        36.62267209573454,
                        15.689087576446246
                    ],
                    [
                        1.7027995957827713,
                        -45.090871689389324
                    ]
                ]
            ],
            "gridSize": 15,
            "floors": 5,
            "floorHeight": 3.33,
            "wwr": 0.25,
            "height": 16.65
        }
    ],
    "ground": {
        "bounds": {
            "inner": [
                [
                    -60,
                    40
                ],
                [
                    60,
                    40
                ],
                [
                    60,
                    -60
                ],
                [
                    -60,
                    -60
                ]
            ],
            "left": [
                [
                    -200,
                    180
                ],
                [
                    -60,
                    180
                ],
                [
                    -60,
                    -60
                ],
                [
                    -200,
                    -60
                ]
            ],
            "right": [
                [
                    60,
                    180
                ],
                [
                    200,
                    180
                ],
                [
                    200,
                    -60
                ],
                [
                    60,
                    -60
                ]
            ],
            "top": [
                [
                    -60,
                    180
                ],
                [
                    60,
                    180
                ],
                [
                    60,
                    40
                ],
                [
                    -60,
                    40
                ]
            ],
            "bottom": [
                [
                    -200,
                    -60
                ],
                [
                    200,
                    -60
                ],
                [
                    200,
                    -200
                ],
                [
                    -200,
                    -200
                ]
            ]
        },
        "gridSize": 25,
        "innerGridSize": 10,
        "maxHeight": 27
    },
    "fileName": "LShape_",
    "runPeriod": {
        "month": 6,
        "day": 30
    },
    "construction": "./ASHRAE_90.1-2004_Construction.osm",
    "orientation": 0
}