{
    "buildings": [
        {
            "name": "smallforcfd",
            "shape": "rect",
            "coords": [
                [
                    -2.9627774131716365,
                    -23.652721830690012
                ],
                [
                    -23.652721830690016,
                    -2.962777413171631
                ],
                [
                    2.9627774131716347,
                    23.652721830690016
                ],
                [
                    23.652721830690012,
                    2.962777413171633
                ]
            ],
            "roofCoords": [
                [
                    -2.9627774131716365,
                    -23.652721830690012
                ],
                [
                    -23.652721830690016,
                    -2.962777413171631
                ],
                [
                    23.652721830690012,
                    2.962777413171633
                ]
            ],
            "gridSize": 10,
            "floors": 4,
            "floorHeight": 3.33,
            "wwr": 0.25,
            "height": 13.32
        }
    ],
    "ground": {
        "bounds": {
            "inner": [
                [
                    -60,
                    60
                ],
                [
                    60,
                    60
                ],
                [
                    60,
                    -60
                ],
                [
                    -60,
                    -60
                ]
            ],
            "left": [
                [
                    -150,
                    330
                ],
                [
                    -60,
                    330
                ],
                [
                    -60,
                    -60
                ],
                [
                    -150,
                    -60
                ]
            ],
            "right": [
                [
                    60,
                    330
                ],
                [
                    150,
                    330
                ],
                [
                    150,
                    -60
                ],
                [
                    60,
                    -60
                ]
            ],
            "top": [
                [
                    -60,
                    330
                ],
                [
                    60,
                    330
                ],
                [
                    60,
                    60
                ],
                [
                    -60,
                    60
                ]
            ],
            "bottom": [
                [
                    -150,
                    -60
                ],
                [
                    150,
                    -60
                ],
                [
                    150,
                    -150
                ],
                [
                    -150,
                    -150
                ]
            ]
        },
        "gridSize": 30,
        "innerGridSize": 10,
        "maxHeight": 14
    },
    "fileName": "small_for_cfd",
    "runPeriod": {
        "month": 12,
        "day": 31
    },
    "construction": "./ASHRAE_90.1-2004_Construction.osm",
    "orientation": 0
}