{
    "buildings": [
        {
            "name": "Rectangle",
            "shape": "rect",
            "coords": [
                [
                    51.72486104379594,
                    100.9960615568746
                ],
                [
                    93.09767881102084,
                    59.6232437896497
                ],
                [
                    39.85960925548568,
                    6.38517423411453
                ],
                [
                    -1.5132085117392151,
                    47.757992001339424
                ]
            ],
            "roofCoords": [
                [
                    51.72486104379594,
                    100.9960615568746
                ],
                [
                    93.09767881102084,
                    59.6232437896497
                ],
                [
                    -1.5132085117392151,
                    47.757992001339424
                ]
            ],
            "gridSize": 10,
            "floors": 3,
            "floorHeight": 3.33,
            "wwr": 0.25,
            "height": 9.99
        },
        {
            "name": "LShape",
            "shape": "l",
            "coords": [
                [
                    -85.58820479481972,
                    -24.126483374085005
                ],
                [
                    -69.94211190398968,
                    -8.480390483254986
                ],
                [
                    -26.10964979828941,
                    -52.31285258895526
                ],
                [
                    6.101244261586116,
                    -20.10195852907973
                ],
                [
                    19.030451268759137,
                    -33.03116553625275
                ],
                [
                    -28.826535681946407,
                    -80.88815248695829
                ]
            ],
            "roofCoords": [
                [
                    [
                        -85.58820479481972,
                        -24.126483374085005
                    ],
                    [
                        -69.94211190398968,
                        -8.480390483254986
                    ],
                    [
                        -41.75574268911943,
                        -67.95894547978527
                    ]
                ],
                [
                    [
                        -41.75574268911943,
                        -67.95894547978527
                    ],
                    [
                        6.101244261586116,
                        -20.10195852907973
                    ],
                    [
                        -28.826535681946407,
                        -80.88815248695829
                    ]
                ]
            ],
            "gridSize": 10,
            "floors": 8,
            "floorHeight": 3.33,
            "wwr": 0.25,
            "height": 26.64
        }
    ],
    "ground": {
        "bounds": {
            "inner": [
                [
                    -100,
                    120
                ],
                [
                    100,
                    120
                ],
                [
                    100,
                    -100
                ],
                [
                    -100,
                    -100
                ]
            ],
            "left": [
                [
                    -240,
                    260
                ],
                [
                    -100,
                    260
                ],
                [
                    -100,
                    -100
                ],
                [
                    -240,
                    -100
                ]
            ],
            "right": [
                [
                    100,
                    260
                ],
                [
                    240,
                    260
                ],
                [
                    240,
                    -100
                ],
                [
                    100,
                    -100
                ]
            ],
            "top": [
                [
                    -100,
                    260
                ],
                [
                    100,
                    260
                ],
                [
                    100,
                    120
                ],
                [
                    -100,
                    120
                ]
            ],
            "bottom": [
                [
                    -240,
                    -100
                ],
                [
                    240,
                    -100
                ],
                [
                    240,
                    -240
                ],
                [
                    -240,
                    -240
                ]
            ]
        },
        "gridSize": 50,
        "innerGridSize": 20,
        "maxHeight": 27
    },
    "fileName": "Rectangle_LShape_",
    "runPeriod": {
        "month": 1,
        "day": 21
    },
    "construction": "./ASHRAE_90.1-2004_Construction.osm",
    "orientation": 0
}