{
    "buildings": [{
        "name": "rectangle1",
        "shape": "rect",
        "coords": [
            [
                3.46, -2.81
            ],
            [
                18.09, -2.81
            ],
            [
                18.09, -21.63
            ],
            [
                3.459999999999999, -21.63
            ]
        ],
        "roofCoords": [
            [
                3.46, -2.81
            ],
            [
                18.09, -2.81
            ],
            [
                3.459999999999999, -21.63
            ]
        ],
        "gridSize": 10,
        "floors": 3,
        "floorHeight": 3.3,
        "wwr": 0.281,
        "height": 9.899999999999999
    }, {
        "name": "rectangle2",
        "shape": "rect",
        "coords": [
            [-18.09,
                21.63
            ],
            [-3.459999999999999,
                21.63
            ],
            [-3.4599999999999977,
                2.8099999999999987
            ],
            [-18.09,
                2.8099999999999987
            ]
        ],
        "roofCoords": [
            [-18.09,
                21.63
            ],
            [-3.459999999999999,
                21.63
            ],
            [-18.09,
                2.8099999999999987
            ]
        ],
        "gridSize": 10,
        "floors": 8,
        "floorHeight": 3.1,
        "wwr": 0.338,
        "height": 24.8
    }],
    "ground": {
        "bounds": {
            "inner": [
                [-30,
                    30
                ],
                [
                    30,
                    30
                ],
                [
                    30, -30
                ],
                [-30, -30]
            ],
            "left": [
                [-180,
                    180
                ],
                [-30,
                    180
                ],
                [-30, -30],
                [-180, -30]
            ],
            "right": [
                [
                    30,
                    180
                ],
                [
                    180,
                    180
                ],
                [
                    180, -30
                ],
                [
                    30, -30
                ]
            ],
            "top": [
                [-30,
                    180
                ],
                [
                    30,
                    180
                ],
                [
                    30,
                    30
                ],
                [-30,
                    30
                ]
            ],
            "bottom": [
                [-180, -30],
                [
                    180, -30
                ],
                [
                    180, -180
                ],
                [-180, -180]
            ]
        },
        "gridSize": 30,
        "innerGridSize": 15,
        "maxHeight": 25
    },
    "fileName": "rectangle1_rectangle2_",
    "runPeriod": {
        "month": 12,
        "day": 31
    },
    "construction": "./ASHRAE_90.1-2004_Construction.osm",
    "orientation": 0
}
