{
    "buildings": [
        {
            "name": "Rectangle",
            "shape": "rect",
            "coords": [
                [
                    5.925554826343262,
                    47.30544366138003
                ],
                [
                    47.305443661380025,
                    5.925554826343273
                ],
                [
                    -5.925554826343259,
                    -47.30544366138004
                ],
                [
                    -47.305443661380025,
                    -5.9255548263432765
                ]
            ],
            "roofCoords": [
                [
                    5.925554826343262,
                    47.30544366138003
                ],
                [
                    47.305443661380025,
                    5.925554826343273
                ],
                [
                    -47.305443661380025,
                    -5.9255548263432765
                ]
            ],
            "gridSize": 10,
            "floors": 3,
            "floorHeight": 3.33,
            "wwr": 0.25,
            "height": 9.99
        }
    ],
    "ground": {
        "bounds": {
            "inner": [
                [
                    -60,
                    60
                ],
                [
                    60,
                    60
                ],
                [
                    60,
                    -60
                ],
                [
                    -60,
                    -60
                ]
            ],
            "left": [
                [
                    -120,
                    120
                ],
                [
                    -60,
                    120
                ],
                [
                    -60,
                    -60
                ],
                [
                    -120,
                    -60
                ]
            ],
            "right": [
                [
                    60,
                    120
                ],
                [
                    120,
                    120
                ],
                [
                    120,
                    -60
                ],
                [
                    60,
                    -60
                ]
            ],
            "top": [
                [
                    -60,
                    120
                ],
                [
                    60,
                    120
                ],
                [
                    60,
                    60
                ],
                [
                    -60,
                    60
                ]
            ],
            "bottom": [
                [
                    -120,
                    -60
                ],
                [
                    120,
                    -60
                ],
                [
                    120,
                    -120
                ],
                [
                    -120,
                    -120
                ]
            ]
        },
        "gridSize": 30,
        "innerGridSize": 15,
        "maxHeight": 10
    },
    "fileName": "Rectangle_",
    "runPeriod": {
        "month": 12,
        "day": 31
    },
    "construction": "./ASHRAE_90.1-2004_Construction.osm",
    "orientation": 0
}