{
    "buildings": [
        {
            "name": "Rectangle",
            "shape": "rect",
            "coords": [
                [
                    50.02780476894823,
                    142.1213919506842
                ],
                [
                    91.407693603985,
                    100.74150311564743
                ],
                [
                    38.16962404844983,
                    47.50343356011226
                ],
                [
                    -3.210264786586933,
                    88.88332239514902
                ]
            ],
            "roofCoords": [
                [
                    50.02780476894823,
                    142.1213919506842
                ],
                [
                    91.407693603985,
                    100.74150311564743
                ],
                [
                    -3.210264786586933,
                    88.88332239514902
                ]
            ],
            "gridSize": 10,
            "floors": 3,
            "floorHeight": 3.33,
            "wwr": 0.25,
            "height": 9.99
        },
        {
            "name": "LShape",
            "shape": "l",
            "coords": [
                [
                    -87.27819000185556,
                    17.005918087536458
                ],
                [
                    -71.63685530934238,
                    32.64725278004964
                ],
                [
                    -27.7945104218266,
                    -11.195092107466118
                ],
                [
                    4.406999700742016,
                    21.006418015102497
                ],
                [
                    17.329788519304532,
                    8.083629196539981
                ],
                [
                    -30.513056295777265,
                    -39.759215618541816
                ]
            ],
            "roofCoords": [
                [
                    [
                        -87.27819000185556,
                        17.005918087536458
                    ],
                    [
                        -71.63685530934238,
                        32.64725278004964
                    ],
                    [
                        -43.43584511433978,
                        -26.836426799979307
                    ]
                ],
                [
                    [
                        -43.43584511433978,
                        -26.836426799979307
                    ],
                    [
                        4.406999700742016,
                        21.006418015102497
                    ],
                    [
                        -30.513056295777265,
                        -39.759215618541816
                    ]
                ]
            ],
            "gridSize": 10,
            "floors": 8,
            "floorHeight": 3.33,
            "wwr": 0.25,
            "height": 26.64
        },
        {
            "name": "TSHape",
            "shape": "t",
            "coords": [
                [
                    59.16362438187844,
                    -47.072098423588464
                ],
                [
                    100.55058428472707,
                    -88.45905832643709
                ],
                [
                    87.2499057306081,
                    -101.75973688055605
                ],
                [
                    76.90493352184892,
                    -91.41476467179686
                ],
                [
                    50.289434277987276,
                    -118.03026391565851
                ],
                [
                    29.592418792657035,
                    -97.33324843032827
                ],
                [
                    56.20791803651868,
                    -70.71774918646662
                ],
                [
                    45.86294582775949,
                    -60.37277697770744
                ]
            ],
            "roofCoords": [
                [
                    [
                        59.16362438187844,
                        -47.072098423588464
                    ],
                    [
                        100.55058428472707,
                        -88.45905832643709
                    ],
                    [
                        45.86294582775949,
                        -60.37277697770744
                    ]
                ],
                [
                    [
                        56.20791803651868,
                        -70.71774918646662
                    ],
                    [
                        76.90493352184892,
                        -91.41476467179686
                    ],
                    [
                        29.592418792657035,
                        -97.33324843032827
                    ]
                ]
            ],
            "gridSize": 10,
            "floors": 3,
            "floorHeight": 4,
            "wwr": 0.25,
            "height": 12
        },
        {
            "name": "UShape",
            "shape": "u",
            "coords": [
                [
                    -80.97079751367154,
                    -203.54068696454772
                ],
                [
                    -101.66074193118992,
                    -224.2306313820661
                ],
                [
                    -128.28331224286342,
                    -197.60806107039258
                ],
                [
                    -169.6702721457121,
                    -238.99502097324125
                ],
                [
                    -143.04770183403855,
                    -265.61759128491474
                ],
                [
                    -163.73764625155692,
                    -286.30753570243314
                ],
                [
                    -216.97571580709212,
                    -233.06946614689795
                ],
                [
                    -134.20886706920672,
                    -150.30261740901256
                ]
            ],
            "roofCoords": [
                [
                    [
                        -80.97079751367154,
                        -203.54068696454772
                    ],
                    [
                        -101.66074193118992,
                        -224.2306313820661
                    ],
                    [
                        -134.20886706920672,
                        -150.30261740901256
                    ]
                ],
                [
                    [
                        -128.28331224286342,
                        -197.60806107039258
                    ],
                    [
                        -169.6702721457121,
                        -238.99502097324125
                    ],
                    [
                        -154.8988114867251,
                        -170.99256182653093
                    ]
                ],
                [
                    [
                        -143.04770183403855,
                        -265.61759128491474
                    ],
                    [
                        -163.73764625155692,
                        -286.30753570243314
                    ],
                    [
                        -196.28577138957374,
                        -212.37952172937958
                    ]
                ]
            ],
            "gridSize": 10,
            "floors": 3,
            "floorHeight": 4,
            "wwr": 0.33,
            "height": 12
        },
        {
            "name": "HShape",
            "shape": "h",